FirstName,LastName,Username,Email,Department,JobTitle,Password
John,Doe,jdoe,john.doe@company.com,IT,System Administrator,P@ssw0rd1
Jane,Smith,jsmith,jane.smith@company.com,HR,HR Manager,P@ssw0rd2
Mike,Johnson,mjohnson,mike.johnson@company.com,Finance,Accountant,P@ssw0rd3
Sarah,Williams,swilliams,sarah.williams@company.com,Marketing,Marketing Specialist,P@ssw0rd4
Robert,Brown,rbrown,robert.brown@company.com,Sales,Sales Executive,P@ssw0rd5